,Time Step,Episode,Step in Episode,Gen Loss
0,500,17,22,74.71099650065104
1,1000,34,5,75.04077428181967
2,1500,54,61,76.97219390869141
3,2000,69,9,75.42495168050131
4,2500,87,3,75.56935017903646
5,3000,100,31,72.38794021606445
6,3500,115,49,74.680824025472
7,4000,128,5,70.93087590535482
8,4500,143,40,71.410267384847
9,5000,157,33,59.17079849243164
10,5500,169,4,72.9808349609375
11,6000,180,64,72.8320421854655
12,6500,190,33,72.25508321126303
13,7000,197,54,71.55119984944662
14,7500,206,40,70.66260579427083
15,8000,218,24,70.33946075439454
16,8500,229,1,70.3665756225586
17,9000,237,68,70.03317184448242
18,9500,247,9,63.19859657287598
19,10000,256,77,68.2924799601237
20,10500,263,98,69.05758132934571
21,11000,277,39,69.06245396931966
22,11500,287,21,68.77371164957682
23,12000,294,110,59.10815302530924
24,12500,300,19,57.145224253336586
25,13000,309,54,67.76637776692708
26,13500,315,76,67.40031661987305
27,14000,322,5,66.9234619140625
28,14500,329,75,66.68131205240886
29,15000,339,14,66.4763303120931
30,15500,346,38,66.02541656494141
31,16000,351,26,65.617493947347
32,16500,358,22,65.5056978861491
33,17000,366,49,65.3933469136556
34,17500,373,61,58.16932996114095
35,18000,381,21,64.97756983439128
36,18500,387,122,64.7238380432129
37,19000,391,94,64.49177627563476
38,19500,399,32,64.32294235229492
39,20000,410,41,64.3591094970703
40,20500,415,7,64.0180898030599
41,21000,423,153,64.04041493733725
42,21500,430,23,63.752346928914385
43,22000,433,42,63.50396931966146
44,22500,439,164,63.39611638387044
45,23000,444,115,63.12109502156576
46,23500,449,3,47.611786142985025
47,24000,455,22,62.61557223002116
48,24500,460,58,62.452022298177084
49,25000,464,71,62.187843068440756
50,25500,468,1,61.8972785949707
51,26000,472,151,61.74004160563151
52,26500,477,18,61.42191162109375
53,27000,482,20,61.19357465108236
54,27500,489,18,61.04652951558431
55,28000,493,101,59.88808949788412
56,28500,499,159,57.96834500630697
57,29000,503,97,33.03601048787435
58,29500,508,55,37.76981760660807
59,30000,513,172,33.17763900756836
60,30500,522,145,21.55638542175293
61,31000,526,105,7.293487087885539
62,31500,537,102,37.08165143330892
63,32000,543,158,25.042276509602864
64,32500,550,15,18.37327740987142
65,33000,560,1,1.6097437421480814
66,33500,566,14,1.0166227300961812
67,34000,570,23,52.097113672892256
68,34500,576,8,49.45433502197265
69,35000,579,51,59.622788492838545
70,35500,583,63,59.449151102701826
71,36000,589,108,55.26723658243815
72,36500,592,67,58.99190788269043
73,37000,597,84,59.01152712504069
74,37500,602,132,58.9130968729655
75,38000,605,32,58.68740310668945
76,38500,607,198,58.55895169576009
77,39000,611,168,58.374775950113936
78,39500,614,107,58.16549173990885
79,40000,619,110,57.99665451049805
80,40500,623,89,27.795989799499512
81,41000,627,123,28.240390904744466
82,41500,631,99,47.89381090799967
83,42000,634,61,57.34300867716471
84,42500,637,65,57.21347427368164
85,43000,641,52,57.073486200968425
86,43500,645,25,56.90012143452962
87,44000,648,167,23.315395991007488
88,44500,651,179,24.55021769205729
89,45000,655,119,44.24507916768392
90,45500,658,46,53.698726399739584
91,46000,660,146,54.88517011006673
92,46500,665,20,55.831098810831705
93,47000,668,127,51.029683176676436
94,47500,671,156,49.52190017700195
95,48000,675,124,49.92121404012044
96,48500,678,31,42.68347295125326
97,49000,681,130,55.31781476338704
98,49500,686,9,55.1577766418457
99,50000,689,63,55.04791399637858
100,50500,694,53,54.93501981099447
101,51000,699,13,54.85283610026042
102,51500,701,113,54.73456319173177
103,52000,704,68,54.57067311604818
104,52500,708,14,54.442997233072916
105,53000,712,151,54.4010976155599
106,53500,717,13,54.25713946024577
107,54000,720,16,54.11548665364583
108,54500,724,3,53.98024965922038
109,55000,728,54,53.882663091023765
110,55500,732,77,53.81122932434082
111,56000,737,23,53.712868754069014
112,56500,739,129,53.60488789876302
113,57000,743,101,53.494824473063154
114,57500,746,25,53.338477325439456
115,58000,750,57,53.23887825012207
116,58500,752,175,53.13634173075358
117,59000,755,196,53.02056694030762
118,59500,761,64,52.90696385701497
119,60000,764,73,52.77910321553548
120,60500,766,173,52.676281992594404
121,61000,769,80,52.524298095703124
122,61500,775,61,52.48121350606282
123,62000,778,47,52.35415636698405
124,62500,781,198,52.28075358072917
125,63000,784,158,49.48279749552409
126,63500,788,87,50.191087849934895
127,64000,792,69,44.52574055989583
128,64500,794,169,43.17692616780599
129,65000,798,144,41.68869616190592
130,65500,801,108,51.600315984090166
131,66000,804,166,51.52265586853027
132,66500,807,66,51.38092753092448
133,67000,811,38,51.30304845174154
134,67500,816,91,51.27283897399902
135,68000,819,66,51.152508926391604
136,68500,822,73,51.046194076538086
137,69000,826,38,50.94835688273112
138,69500,829,176,50.87160797119141
139,70000,832,111,28.275814056396484
140,70500,838,43,32.45858599344889
141,71000,841,58,49.624825922648114
142,71500,844,33,50.50343373616536
143,72000,848,149,50.47953783671061
144,72500,851,117,50.36425387064616
145,73000,856,29,13.849022738138835
146,73500,860,2,25.423522631327312
147,74000,863,100,50.10551350911458
148,74500,869,15,50.07757085164388
149,75000,872,172,50.034180577596025
150,75500,877,14,49.93792203267415
151,76000,882,38,49.90453847249349
152,76500,888,108,49.93497136433919
153,77000,896,58,49.971653111775716
154,77500,905,51,50.08043352762858
155,78000,910,81,50.06455586751302
156,78500,920,3,50.197051493326825
157,79000,925,27,50.14944547017415
158,79500,928,188,50.10954157511393
159,80000,934,34,50.02752418518067
160,80500,939,40,49.99980099995931
161,81000,941,170,49.92701416015625
162,81500,945,11,49.816702143351236
163,82000,948,90,48.968903096516925
164,82500,953,16,36.14116147359212
165,83000,956,42,49.35261205037435
166,83500,958,142,49.545758946736655
167,84000,963,58,49.47841300964355
168,84500,967,149,49.44941749572754
169,85000,971,3,49.333330663045246
170,85500,974,20,49.245933278401694
171,86000,976,158,49.17886085510254
172,86500,981,162,49.13214670817057
173,87000,985,79,49.05620829264323
174,87500,988,187,49.009588623046874
175,88000,996,3,49.00995089213053
176,88500,999,176,48.9958553314209
177,89000,1003,25,48.90025151570638
178,89500,1006,59,48.83226623535156
179,90000,1009,44,48.74483375549316
180,90500,1012,18,48.6546625773112
181,91000,1017,2,48.62223790486654
182,91500,1019,127,48.55685958862305
183,92000,1022,31,48.45419120788574
184,92500,1026,23,48.398324966430664
185,93000,1031,8,48.354683049519856
186,93500,1035,92,48.356371815999346
187,94000,1039,51,48.04687220255534
188,94500,1042,19,47.881339645385744
189,95000,1045,110,20.670955912272134
190,95500,1048,10,9.558820088704428
191,96000,1054,39,12.786334228515624
192,96500,1059,26,43.489741770426434
193,97000,1064,25,39.350063451131184
194,97500,1067,117,34.76560897827149
195,98000,1071,30,45.95016174316406
196,98500,1075,7,47.78255030314128
197,99000,1078,65,47.73523127237956
198,99500,1081,12,47.66693700154622
199,100000,1085,24,47.600402959187825
200,100500,1088,14,47.51264444986979
201,101000,1090,139,47.46260693868001
202,101500,1096,129,47.55011978149414
203,102000,1099,31,47.362240091959634
204,102500,1101,136,47.35945332845052
205,103000,1106,33,47.270559310913086
206,103500,1110,80,47.21216087341308
207,104000,1113,129,47.23369077046712
208,104500,1117,53,47.13900871276856
209,105000,1120,67,47.06720237731933
210,105500,1123,48,46.966468302408856
211,106000,1125,148,46.945304997762044
212,106500,1130,28,46.80637702941895
213,107000,1132,128,46.821895599365234
214,107500,1137,81,46.759660212198895
215,108000,1140,31,46.7294859568278
216,108500,1144,72,46.64959424336751
217,109000,1147,46,46.55089594523112
218,109500,1150,109,46.49863268534342
219,110000,1155,42,46.5676015218099
220,110500,1159,54,46.566680399576825
221,111000,1164,36,46.42813568115234
222,111500,1167,8,46.38957799275716
223,112000,1173,23,46.384792455037434
224,112500,1176,184,46.42223180135091
225,113000,1179,89,46.34993311564128
226,113500,1183,96,46.293521372477215
227,114000,1186,91,39.26296068827311
228,114500,1188,191,46.08331095377604
229,115000,1193,27,46.19057693481445
230,115500,1196,136,46.213599395751956
231,116000,1200,22,46.0508056640625
232,116500,1206,33,46.144374974568684
233,117000,1210,4,45.883537928263344
234,117500,1213,52,46.05674692789714
235,118000,1216,141,45.645455805460614
236,118500,1221,19,45.91337725321452
237,119000,1224,96,45.8206371307373
238,119500,1228,81,45.81249402364095
239,120000,1232,31,45.68435414632162
240,120500,1235,133,45.62530097961426
241,121000,1239,3,45.73756217956543
242,121500,1242,13,44.746940994262694
243,122000,1247,30,44.66848271687825
244,122500,1250,154,43.412356821695965
245,123000,1254,69,26.973112233479817
246,123500,1260,65,24.549957529703775
247,124000,1264,10,44.746508534749346
248,124500,1268,114,42.53839899698893
249,125000,1273,33,37.39499905904134
250,125500,1277,100,41.662292098999025
251,126000,1280,186,45.33416302998861
252,126500,1283,151,43.255278778076175
253,127000,1288,121,42.925306193033855
254,127500,1294,30,45.230293655395506
255,128000,1297,49,44.98138567606608
256,128500,1300,98,44.07910448710124
257,129000,1304,92,45.00472183227539
258,129500,1307,91,45.14058329264323
259,130000,1309,191,44.91635309855143
260,130500,1313,44,44.894082132975264
261,131000,1318,57,45.081129455566405
262,131500,1324,54,44.96661580403646
263,132000,1328,112,44.97020467122396
264,132500,1333,46,45.01253890991211
265,133000,1339,117,45.024906921386716
266,133500,1342,80,44.94359486897786
267,134000,1346,92,44.9197494506836
268,134500,1349,110,44.80728365580241
269,135000,1353,27,44.79660301208496
270,135500,1358,36,44.782111994425456
271,136000,1362,81,44.739104970296225
272,136500,1366,33,44.757599131266275
273,137000,1372,1,44.60652465820313
274,137500,1376,59,44.68069127400716
275,138000,1380,46,44.87101300557455
276,138500,1385,55,44.62834955851237
277,139000,1388,9,44.61746012369792
278,139500,1391,153,44.6575922648112
279,140000,1396,32,44.60461209615072
280,140500,1399,186,44.638861083984374
281,141000,1403,99,44.559241485595706
282,141500,1408,60,44.440176518758136
283,142000,1412,61,44.432502619425456
284,142500,1416,107,44.3149112701416
285,143000,1422,12,44.37657636006673
286,143500,1425,160,44.2431458791097
287,144000,1428,188,44.33354276021321
288,144500,1432,90,44.24582735697428
289,145000,1436,51,44.05770047505697
290,145500,1446,36,44.306952794392906
291,146000,1455,71,44.4199774424235
292,146500,1466,47,44.580082194010416
293,147000,1471,141,44.65968004862467
294,147500,1474,41,44.73860460917155
295,148000,1477,131,44.48366902669271
296,148500,1481,48,44.579367319742836
297,149000,1484,1,44.39457842508952
298,149500,1487,21,44.46008173624674
299,150000,1490,37,44.38948580423991
300,150500,1493,90,44.3823237101237
301,151000,1498,21,44.17269401550293
302,151500,1502,69,45.986876805623375
303,152000,1506,48,44.18446286519369
304,152500,1509,45,44.36059773763021
305,153000,1511,145,43.945854059855144
306,153500,1514,88,44.11499392191569
307,154000,1518,9,43.954659652709964
308,154500,1521,22,44.038739903767905
309,155000,1525,183,44.097483189900714
310,155500,1529,120,43.98245073954264
311,156000,1533,66,43.90609334309896
312,156500,1536,165,44.045387013753256
313,157000,1539,120,43.83215052286784
314,157500,1543,37,43.92955754597982
315,158000,1547,74,43.89574381510417
316,158500,1551,125,43.941355260213214
317,159000,1554,37,43.80273717244466
318,159500,1557,83,43.84743715922038
319,160000,1560,95,43.84784049987793
320,160500,1563,34,43.59700406392415
321,161000,1567,183,43.79215621948242
322,161500,1570,83,43.672663879394534
323,162000,1573,93,43.503905614217125
324,162500,1582,11,43.726726659139
325,163000,1589,109,43.71469637552897
326,163500,1594,38,43.67936185201009
327,164000,1597,132,43.409393056233725
328,164500,1601,122,43.5290111541748
329,165000,1605,65,43.62727686564128
330,165500,1608,33,43.5078675587972
331,166000,1612,71,43.508273696899415
332,166500,1615,90,43.48183453877767
333,167000,1619,7,43.4111696879069
334,167500,1622,96,43.51218249003092
335,168000,1625,91,43.476013819376625
336,168500,1628,76,43.34005622863769
337,169000,1631,45,43.22781244913737
338,169500,1633,146,43.363351058959964
339,170000,1637,164,43.27890968322754
340,170500,1640,64,43.09699071248372
341,171000,1642,164,43.086151123046875
342,171500,1646,139,43.10733261108398
343,172000,1649,95,43.14680391947429
344,172500,1654,58,43.14560686747233
345,173000,1656,188,42.98861312866211
346,173500,1659,135,43.187451171875
347,174000,1663,103,43.038438161214195
348,174500,1667,36,42.86725476582845
349,175000,1670,104,42.89967397054036
350,175500,1675,7,42.943560409545896
351,176000,1678,118,42.88724416097005
352,176500,1682,123,42.86908111572266
353,177000,1685,23,42.81283734639486
354,177500,1690,135,42.81396230061849
355,178000,1693,88,42.72965037027995
356,178500,1697,174,42.76705525716146
357,179000,1702,22,42.74924736022949
358,179500,1705,134,42.67643674214681
359,180000,1708,176,42.77163785298665
360,180500,1711,76,42.68023452758789
361,181000,1713,176,42.65908571879069
362,181500,1716,83,42.527600606282554
363,182000,1719,53,42.601984278361
364,182500,1722,59,42.416094589233396
365,183000,1727,18,42.46602516174316
366,183500,1730,16,42.4814645131429
367,184000,1735,38,42.590775934855145
368,184500,1739,78,42.42389043172201
369,185000,1742,165,42.36324691772461
370,185500,1747,102,42.31821352640788
371,186000,1752,122,42.42659352620443
372,186500,1758,99,42.48225008646647
373,187000,1763,31,42.354043070475264
374,187500,1765,191,42.43040313720703
375,188000,1770,80,42.32934366861979
376,188500,1773,72,42.57712275187175
377,189000,1777,2,42.329144922892254
378,189500,1780,52,42.34226493835449
379,190000,1785,89,42.10823364257813
380,190500,1789,92,42.47080764770508
381,191000,1795,17,42.374620819091795
382,191500,1800,25,42.3630739847819
383,192000,1803,111,42.22218411763509
384,192500,1806,11,42.353974151611325
385,193000,1809,1,42.232033284505206
386,193500,1812,80,42.15047442118327
387,194000,1816,21,42.17619374593099
388,194500,1820,7,42.208611424763994
389,195000,1823,134,42.05317649841309
390,195500,1826,85,42.15371487935384
391,196000,1830,125,41.884416071573895
392,196500,1834,48,42.0573314666748
393,197000,1836,148,41.91161244710286
394,197500,1839,141,42.00700200398763
395,198000,1845,147,41.90580177307129
396,198500,1849,35,41.99306246439616
397,199000,1852,61,41.9668685913086
398,199500,1855,140,41.82906354268392
399,200000,1858,40,41.93231252034505
400,200500,1862,52,41.81396293640137
401,201000,1865,45,41.88503328959147
402,201500,1868,122,41.88561414082845
403,202000,1874,55,41.92315622965495
404,202500,1881,40,41.87108586629232
405,203000,1886,21,41.80391286214193
406,203500,1890,72,42.00644187927246
407,204000,1892,172,42.04009666442871
408,204500,1896,14,41.75401725769043
409,205000,1901,27,41.68182601928711
410,205500,1904,80,41.48970006306966
411,206000,1909,5,41.71144129435221
412,206500,1912,40,41.67730967203776
413,207000,1917,77,41.769867706298825
414,207500,1920,82,41.84830881754557
415,208000,1924,114,41.69666582743327
416,208500,1927,85,41.87309354146321
417,209000,1934,94,41.941145706176755
418,209500,1938,124,41.78520965576172
419,210000,1942,151,41.81141993204753
420,210500,1948,4,41.731963602701825
421,211000,1951,67,41.623012415568034
422,211500,1954,60,41.63038419087728
423,212000,1959,192,41.73707186381022
424,212500,1963,115,41.66167818705241
425,213000,1967,92,41.73866704305013
426,213500,1971,162,41.71476122538249
427,214000,1974,62,41.6343443552653
428,214500,1979,67,41.679756546020506
429,215000,1982,70,41.65101776123047
430,215500,1986,49,41.58233019510905
431,216000,1989,157,41.55702540079753
432,216500,1993,31,41.51102714538574
433,217000,1996,29,41.574398549397785
434,217500,2000,143,41.44366633097331
435,218000,2005,27,41.465502166748045
436,218500,2009,81,41.5205441792806
437,219000,2015,44,41.71067008972168
438,219500,2019,86,41.333569844563804
439,220000,2023,25,41.62228775024414
440,220500,2025,125,41.63020871480306
441,221000,2028,153,41.42929509480794
442,221500,2032,40,41.345119857788085
443,222000,2036,26,41.472168350219725
444,222500,2041,152,41.27812042236328
445,223000,2045,17,41.36048838297526
446,223500,2048,7,41.38098640441895
447,224000,2053,24,41.31228510538737
448,224500,2058,36,41.39074338277181
449,225000,2062,26,41.17643979390462
450,225500,2065,40,41.113290532430014
451,226000,2069,4,41.416748046875
452,226500,2072,121,41.18542505900065
453,227000,2076,42,41.34789810180664
454,227500,2079,51,41.12269503275554
455,228000,2082,147,41.3160639444987
456,228500,2088,58,41.197218322753905
457,229000,2092,120,41.101280721028644
458,229500,2096,125,41.19154370625814
459,230000,2101,114,41.11989377339681
460,230500,2106,90,41.23510513305664
461,231000,2110,44,41.261461639404295
462,231500,2113,140,41.06283683776856
463,232000,2118,99,41.1929012298584
464,232500,2121,162,41.188193003336586
465,233000,2126,43,41.12627588907878
466,233500,2129,60,41.09602292378744
467,234000,2132,63,40.932110977172854
468,234500,2136,165,41.07135429382324
469,235000,2143,24,41.09323247273763
470,235500,2148,21,41.40185038248698
471,236000,2151,159,41.144201787312824
472,236500,2154,157,41.32682469685872
473,237000,2158,76,40.98067855834961
474,237500,2161,38,40.970652135213214
475,238000,2167,184,40.97620786031087
476,238500,2171,35,41.15701535542806
477,239000,2173,177,41.066174570719404
478,239500,2179,122,40.91084213256836
479,240000,2184,63,41.13902180989583
480,240500,2189,36,41.03361701965332
481,241000,2193,139,40.872837956746416
482,241500,2197,92,40.856703440348305
483,242000,2201,51,40.93197390238444
484,242500,2204,90,40.92589747111003
485,243000,2210,77,40.86686401367187
486,243500,2215,23,41.054012552897134
487,244000,2218,90,40.85917142232259
488,244500,2221,28,40.87165832519531
489,245000,2225,122,40.88789774576823
490,245500,2228,38,40.919314829508465
491,246000,2232,101,40.91103032430013
492,246500,2236,3,40.831702677408856
493,247000,2239,102,40.7592404683431
494,247500,2244,107,40.841940307617186
495,248000,2249,53,40.72028401692708
496,248500,2252,163,40.86439514160156
497,249000,2257,70,40.815806198120114
498,249500,2260,57,40.89267539978027
499,250000,2263,41,40.737236404418944
500,250500,2267,35,40.8595588684082
501,251000,2271,17,40.65646158854167
502,251500,2274,134,40.7518305460612
503,252000,2279,14,40.653312555948894
504,252500,2282,180,40.68001480102539
505,253000,2288,30,40.628121566772464
506,253500,2291,21,40.745375061035155
507,254000,2294,131,40.526415506998696
508,254500,2297,81,40.45533955891927
509,255000,2301,91,40.8387949625651
510,255500,2305,141,40.579751078287764
511,256000,2310,185,40.433981577555336
512,256500,2315,95,40.6935173034668
513,257000,2318,79,40.6165589650472
514,257500,2320,179,40.38923225402832
515,258000,2324,5,40.472302500406904
516,258500,2326,182,40.681857426961265
517,259000,2330,188,40.71117108662923
518,259500,2333,173,40.481669362386064
519,260000,2338,2,40.51330248514811
520,260500,2341,15,40.41120465596517
521,261000,2344,50,40.46235783894857
522,261500,2347,129,40.34092636108399
523,262000,2350,111,40.275926208496095
524,262500,2353,137,40.30133450826009
525,263000,2356,92,40.31706008911133
526,263500,2360,27,40.263684590657554
527,264000,2363,53,40.124505106608076
528,264500,2365,153,40.21208279927571
529,265000,2368,110,40.20816548665365
530,265500,2371,166,40.12356770833333
531,266000,2374,66,40.33224220275879
532,266500,2380,3,40.20101000467936
533,267000,2383,17,40.1486634572347
534,267500,2385,155,40.15190137227376
535,268000,2389,111,40.040378189086915
536,268500,2393,13,40.25911394755045
537,269000,2397,38,39.992774709065756
538,269500,2402,10,40.10393142700195
539,270000,2406,91,40.12459424336751
540,270500,2412,2,40.33643226623535
541,271000,2416,93,40.15492617289225
542,271500,2421,8,40.060112380981444
543,272000,2424,76,40.258460744222006
544,272500,2428,99,40.12632891337077
545,273000,2434,45,40.055962244669594
546,273500,2438,57,40.254847590128584
547,274000,2441,27,40.04667930603027
548,274500,2446,60,40.021779251098636
549,275000,2449,99,40.12985814412435
550,275500,2453,19,39.93893229166667
551,276000,2458,30,40.12227732340495
552,276500,2462,27,40.1555731455485
553,277000,2465,117,40.032365036010745
554,277500,2470,146,40.02611172993978
555,278000,2475,52,40.0009033203125
556,278500,2478,13,40.02648328145345
557,279000,2482,125,40.07786649068196
558,279500,2486,21,39.96364835103353
559,280000,2489,6,40.15128707885742
560,280500,2494,104,39.86841888427735
561,281000,2499,93,40.032772318522134
562,281500,2503,109,40.17840995788574
563,282000,2506,121,40.0125062306722
564,282500,2510,111,39.92462641398112
565,283000,2515,23,39.95387217203776
566,283500,2519,53,40.04241892496745
567,284000,2524,60,40.07987798055013
568,284500,2529,13,39.958058802286786
569,285000,2532,104,39.985321553548175
570,285500,2536,45,40.01848526000977
571,286000,2539,86,40.13659121195475
572,286500,2543,85,39.88482449849447
573,287000,2546,49,39.79599583943685
574,287500,2549,71,39.89387741088867
575,288000,2552,140,39.8764710744222
576,288500,2555,159,39.93044789632162
577,289000,2559,181,39.711282348632814
578,289500,2562,81,39.64862543741862
579,290000,2568,25,39.87320467631022
580,290500,2570,125,39.81451733907064
581,291000,2576,40,39.90286140441894
582,291500,2580,15,39.894299570719404
583,292000,2583,47,39.83892300923665
584,292500,2586,15,39.90013580322265
585,293000,2590,99,39.65451634724935
586,293500,2593,44,39.83300984700521
587,294000,2595,144,39.71862500508626
588,294500,2601,10,39.57158164978027
589,295000,2605,52,39.66319974263509
590,295500,2607,152,39.51963437398275
591,296000,2612,15,39.787495930989586
592,296500,2614,115,39.38300997416179
593,297000,2617,15,39.80521227518717
594,297500,2622,26,39.666412862141925
595,298000,2626,23,39.62145818074544
596,298500,2630,3,39.414804712931314
597,299000,2633,49,39.68462079366048
598,299500,2641,11,39.588221867879234
599,300000,2643,188,39.661934280395506
600,300500,2649,16,39.52182502746582
601,301000,2652,115,39.67560094197591
602,301500,2659,16,39.61972007751465
603,302000,2662,92,39.66832669576009
604,302500,2667,71,39.545073954264325
605,303000,2671,109,39.37759653727213
606,303500,2674,37,39.41458117167155
607,304000,2679,8,39.445973841349286
608,304500,2682,105,39.47468350728353
609,305000,2686,138,39.42610816955566
610,305500,2690,27,39.51704495747884
611,306000,2693,89,39.507914479573564
612,306500,2696,79,39.50956153869629
613,307000,2699,59,39.522439575195314
614,307500,2702,35,39.55400505065918
615,308000,2706,114,39.41089007059733
616,308500,2711,58,39.417029825846356
617,309000,2715,12,39.600973765055336
618,309500,2719,15,39.50880610148112
619,310000,2723,118,39.51620394388835
620,310500,2727,91,39.42746086120606
621,311000,2730,136,39.33893928527832
622,311500,2733,185,39.58897819519043
623,312000,2739,80,39.461005147298174
624,312500,2741,189,39.41200434366862
625,313000,2745,9,39.39137471516927
626,313500,2749,134,39.31113446553548
627,314000,2753,149,39.41833012898763
628,314500,2757,154,39.48186403910319
629,315000,2761,178,39.429574457804364
630,315500,2766,140,39.40374870300293
631,316000,2771,180,39.480581283569336
632,316500,2776,21,39.39006423950195
633,317000,2779,113,39.264522552490234
634,317500,2783,33,39.41700770060221
635,318000,2787,9,39.455800755818686
636,318500,2790,125,39.269508361816406
637,319000,2793,79,39.24179242451986
638,319500,2798,80,39.381646728515626
639,320000,2802,198,39.214398574829104
640,320500,2807,89,39.53150151570638
641,321000,2811,117,39.39459546407064
642,321500,2814,70,39.38723742167155
643,322000,2818,20,39.25473035176595
644,322500,2823,115,39.33852221171061
645,323000,2827,118,39.21243095397949
646,323500,2830,159,39.32977129618327
647,324000,2835,100,39.36093889872233
648,324500,2842,17,39.334788131713864
649,325000,2845,16,39.30108528137207
650,325500,2850,56,39.26077003479004
651,326000,2854,133,39.30363934834798
652,326500,2857,33,39.22700030008952
653,327000,2861,43,38.9804490407308
654,327500,2863,165,39.35338020324707
655,328000,2869,140,39.30033950805664
656,328500,2874,39,39.35848871866862
657,329000,2879,6,39.474813842773436
658,329500,2883,67,39.340363311767575
659,330000,2887,44,39.28089447021485
660,330500,2890,49,39.257833099365236
661,331000,2894,53,39.410871505737305
662,331500,2897,139,39.25373051961263
663,332000,2905,31,39.111077372233076
664,332500,2908,173,39.301182428995766
665,333000,2916,66,39.40389264424642
666,333500,2922,117,39.28652547200521
667,334000,2926,122,39.262407811482746
668,334500,2929,60,39.30039024353027
669,335000,2932,162,39.48401374816895
670,335500,2937,12,39.52097981770833
671,336000,2941,14,39.38139050801595
672,336500,2945,93,39.1864985148112
673,337000,2948,193,39.30495732625325
674,337500,2954,1,39.36377232869466
675,338000,2957,96,39.011601257324216
676,338500,2961,55,39.363821283976236
677,339000,2966,25,39.57121175130208
678,339500,2970,102,39.41921590169271
679,340000,2973,72,39.294023259480795
680,340500,2980,21,39.38296788533528
681,341000,2984,26,39.44211616516113
682,341500,2987,43,39.521798324584964
683,342000,2991,103,39.26105181376139
684,342500,2997,13,39.21055920918783
685,343000,3000,123,39.26767489115397
686,343500,3004,53,39.359730911254886
687,344000,3008,41,39.31170336405436
688,344500,3012,78,39.34361623128255
689,345000,3018,19,39.29410031636556
690,345500,3021,98,39.29491055806478
691,346000,3026,9,39.427336883544925
692,346500,3029,51,39.32976328531901
693,347000,3032,76,39.29236183166504
694,347500,3036,16,39.147126007080075
695,348000,3042,45,39.47233695983887
696,348500,3048,157,39.40700365702311
697,349000,3052,123,39.26808446248372
698,349500,3057,27,39.400664774576825
699,350000,3060,27,39.184096272786455
700,350500,3064,29,39.174041748046875
701,351000,3067,112,39.18472722371419
702,351500,3072,63,39.30995330810547
703,352000,3076,61,39.19445317586263
704,352500,3080,145,39.456891250610354
705,353000,3084,142,60.63019358317057
706,353500,3087,58,39.30747947692871
707,354000,3089,158,39.21666069030762
708,354500,3094,164,39.178934478759764
709,355000,3099,24,39.13071708679199
710,355500,3103,123,39.16609052022298
711,356000,3109,62,39.47457707722982
712,356500,3112,131,38.98483009338379
713,357000,3116,126,38.99562199910482
714,357500,3120,3,39.0778258005778
715,358000,3123,87,39.27130940755208
716,358500,3127,43,39.255795033772785
717,359000,3131,21,39.33228073120117
718,359500,3135,102,38.87959378560384
719,360000,3138,54,39.27821210225423
720,360500,3143,60,38.89241371154785
721,361000,3145,164,39.09864412943522
722,361500,3148,127,39.102918243408205
723,362000,3151,30,39.17581634521484
724,362500,3154,53,39.11602223714193
725,363000,3156,153,39.26202112833659
726,363500,3160,20,39.1667839050293
727,364000,3164,72,39.13263791402181
728,364500,3168,8,38.95411148071289
729,365000,3171,54,38.908900833129884
730,365500,3175,13,38.99687487284343
731,366000,3178,96,38.81652628580729
732,366500,3182,49,39.05459861755371
733,367000,3185,138,38.938049697875975
734,367500,3189,20,38.830657704671225
735,368000,3192,113,38.92442118326823
736,368500,3195,171,38.999006779988605
737,369000,3199,31,38.93535817464193
738,369500,3201,178,38.777974955240886
739,370000,3206,23,39.09402402242025
740,370500,3208,123,39.07519645690918
741,371000,3211,71,38.81449432373047
742,371500,3214,49,38.7374755859375
743,372000,3219,178,38.720329411824544
744,372500,3223,55,38.88933181762695
745,373000,3228,15,38.8481995900472
746,373500,3233,97,38.75342013041178
747,374000,3239,38,38.81918589274088
748,374500,3242,27,38.955420939127606
749,375000,3245,170,38.881535085042316
750,375500,3248,108,38.916219584147136
751,376000,3253,17,39.000021870930986
752,376500,3258,56,38.869790140787764
753,377000,3261,7,38.73239835103353
754,377500,3263,177,38.85428530375163
755,378000,3268,77,38.53387133280436
756,378500,3272,111,38.98763631184896
757,379000,3276,116,38.63264389038086
758,379500,3279,154,38.60138511657715
759,380000,3283,19,38.853145345052084
760,380500,3286,119,38.569942220052084
761,381000,3290,13,38.81843795776367
762,381500,3294,82,38.8269770304362
763,382000,3298,25,38.775404866536455
764,382500,3302,134,38.578521728515625
765,383000,3305,77,38.58950589497884
766,383500,3309,101,38.72757237752278
767,384000,3312,107,38.61443926493327
768,384500,3315,38,38.86222902933756
769,385000,3317,138,38.642168045043945
770,385500,3320,166,38.507861328125
771,386000,3326,73,38.567024103800456
772,386500,3328,173,38.63010495503743
773,387000,3332,35,38.409785970052084
774,387500,3336,53,38.55234959920247
775,388000,3339,2,38.62030309041341
776,388500,3344,47,38.73487637837728
777,389000,3350,173,38.712947082519534
778,389500,3355,140,38.818119049072266
779,390000,3359,20,38.7290599822998
780,390500,3363,168,38.83063227335612
781,391000,3367,122,38.56492703755696
782,391500,3371,23,38.61627082824707
783,392000,3373,123,38.55830167134603
784,392500,3376,155,38.64461352030436
785,393000,3379,96,38.53750178019206
786,393500,3382,99,38.57055511474609
787,394000,3386,96,38.8444642384847
788,394500,3390,83,38.816528447469075
789,395000,3394,131,38.544030380249026
790,395500,3397,31,38.80777854919434
791,396000,3401,8,38.57618891398112
792,396500,3405,18,38.53360137939453
793,397000,3410,8,38.66921755472819
794,397500,3413,80,38.602465565999346
795,398000,3416,181,38.615071614583336
796,398500,3421,30,38.64687474568685
797,399000,3426,112,38.50867436726888
798,399500,3429,12,38.66007703145345
799,400000,3432,129,38.42862790425618
800,400500,3437,40,38.57508837381999
801,401000,3441,74,38.4730884552002
802,401500,3446,68,38.57555898030599
803,402000,3449,85,38.601596959431966
804,402500,3454,89,38.53941701253255
805,403000,3458,111,38.43693135579427
806,403500,3461,77,38.395853424072264
807,404000,3465,18,38.415611012776694
808,404500,3468,86,38.65024388631185
809,405000,3473,28,38.63577880859375
810,405500,3479,29,38.528401947021486
811,406000,3481,199,38.449645360310875
812,406500,3487,38,38.56920344034831
813,407000,3492,44,38.59072964986165
814,407500,3495,121,38.52006823221843
815,408000,3501,27,38.17820307413737
816,408500,3505,170,38.38583285013835
817,409000,3510,102,38.36886660257975
818,409500,3515,48,38.47781117757162
819,410000,3519,107,38.54593620300293
820,410500,3522,90,38.83367335001628
821,411000,3527,117,38.6560925801595
822,411500,3531,33,38.57253926595052
823,412000,3534,190,38.44819081624349
824,412500,3540,44,38.48532562255859
825,413000,3547,146,38.648280461629234
826,413500,3551,6,38.275882466634116
827,414000,3557,62,38.7143305460612
828,414500,3560,74,38.61080093383789
829,415000,3563,186,38.52746289571126
830,415500,3566,86,38.48611831665039
831,416000,3571,41,38.618378448486325
832,416500,3575,116,38.46467666625976
833,417000,3578,148,38.716453806559244
834,417500,3582,32,38.71657079060872
835,418000,3584,151,38.754393641153975
836,418500,3589,34,38.557034174601235
837,419000,3593,5,38.54976018269857
838,419500,3595,182,38.422394434611
839,420000,3600,76,38.26605059305827
840,420500,3602,176,38.433754984537764
841,421000,3606,15,38.36079851786295
842,421500,3608,137,38.674522908528644
843,422000,3612,99,38.38410275777181
844,422500,3617,146,38.39766159057617
845,423000,3620,143,38.65529416402181
846,423500,3623,179,38.59228642781576
847,424000,3627,10,38.568764750162764
848,424500,3631,13,38.27546399434407
849,425000,3634,22,38.50289255777995
850,425500,3639,77,38.30539321899414
851,426000,3645,107,38.354879760742186
852,426500,3649,128,38.486106872558594
853,427000,3655,162,38.302937571207686
854,427500,3660,24,38.41226806640625
855,428000,3663,132,38.40835812886556
856,428500,3667,11,38.38523432413737
857,429000,3671,87,38.28315493265788
858,429500,3677,64,38.18765424092611
859,430000,3680,160,38.28719762166341
860,430500,3685,107,38.433905283610024
861,431000,3688,33,38.50622240702311
862,431500,3692,124,38.57483177185058
863,432000,3695,24,38.505470021565756
864,432500,3699,132,38.310442479451496
865,433000,3702,76,38.487615966796874
866,433500,3705,56,38.48611704508463
867,434000,3710,5,38.13326568603516
868,434500,3715,106,38.40219217936198
869,435000,3719,129,38.2731694539388
870,435500,3722,29,38.40649948120117
871,436000,3727,27,38.18131713867187
872,436500,3732,88,38.25144945780436
873,437000,3735,94,38.15478833516439
874,437500,3741,39,38.253060531616214
875,438000,3744,47,38.2170358022054
876,438500,3746,147,38.31200955708822
877,439000,3749,150,38.391336822509764
878,439500,3753,60,38.10154863993327
879,440000,3756,51,38.195065307617185
880,440500,3759,182,38.182942454020186
881,441000,3763,30,38.18057289123535
882,441500,3765,187,38.130775960286456
883,442000,3768,87,38.46011123657227
884,442500,3771,173,38.385215504964194
885,443000,3776,149,38.27246932983398
886,443500,3782,58,38.12284049987793
887,444000,3786,84,38.12010485331218
888,444500,3788,184,38.295186106363936
889,445000,3791,84,38.02716929117839
890,445500,3793,184,38.184800465901695
891,446000,3797,54,38.35952911376953
892,446500,3799,154,38.20143445332845
893,447000,3803,181,38.10666694641113
894,447500,3806,159,38.20292307535807
895,448000,3809,157,37.856102244059244
896,448500,3816,130,38.05645408630371
897,449000,3819,125,38.177285512288414
898,449500,3825,49,38.067769877115886
899,450000,3829,157,38.064147822062175
900,450500,3834,77,38.3929074605306
901,451000,3838,59,38.214251327514646
902,451500,3842,95,38.17991409301758
903,452000,3845,115,38.16122055053711
904,452500,3849,118,38.24696756998698
905,453000,3852,87,37.70965296427409
906,453500,3857,15,38.271271260579425
907,454000,3859,176,38.18816286722819
908,454500,3863,49,37.98043632507324
909,455000,3867,68,38.07753245035807
910,455500,3872,80,38.17405891418457
911,456000,3877,148,38.306967417399086
912,456500,3881,50,38.170095443725586
913,457000,3885,143,38.05970840454101
914,457500,3888,186,38.02543665568034
915,458000,3892,170,37.98934008280436
916,458500,3896,6,38.28718350728353
917,459000,3899,130,38.39490432739258
918,459500,3903,24,38.26618372599284
919,460000,3907,30,38.169942220052086
920,460500,3910,180,37.976192220052084
921,461000,3916,22,38.061571502685545
922,461500,3918,142,37.968213399251304
923,462000,3923,16,37.79638888041178
924,462500,3927,31,38.0668228149414
925,463000,3931,86,38.151062393188475
926,463500,3935,50,38.1301991780599
927,464000,3940,156,37.93997281392415
928,464500,3945,13,37.95525105794271
929,465000,3948,44,37.95709330240886
930,465500,3952,64,37.941497802734375
931,466000,3955,127,38.07334887186686
932,466500,3959,64,38.03025512695312
933,467000,3962,92,38.09301986694336
934,467500,3965,3,38.06943918863932
935,468000,3968,98,37.958170064290364
936,468500,3975,32,37.87936948140462
937,469000,3979,7,38.01670875549316
938,469500,3986,103,38.25147603352865
939,470000,3991,19,37.782419459025064
940,470500,3994,68,38.14350865681966
941,471000,3999,54,38.017797978719074
942,471500,4005,17,37.94212354024251
943,472000,4008,19,37.93037694295247
944,472500,4013,3,38.00085665384928
945,473000,4017,59,37.99280700683594
946,473500,4021,6,37.90460764567057
947,474000,4025,131,38.00836296081543
948,474500,4029,58,37.893561681111656
949,475000,4032,200,38.058400853474936
950,475500,4036,57,38.03156382242839
951,476000,4038,157,37.98238296508789
952,476500,4044,29,38.187445068359374
953,477000,4048,15,38.15195274353027
954,477500,4051,115,38.01758346557617
955,478000,4055,95,38.22467155456543
956,478500,4059,157,37.80377070109049
957,479000,4063,123,38.01854616800944
958,479500,4067,57,37.93051503499349
959,480000,4070,178,37.857552719116214
960,480500,4073,78,38.20731735229492
961,481000,4076,16,37.91859537760417
962,481500,4080,154,38.10645586649577
963,482000,4088,72,37.795884704589845
964,482500,4090,197,37.90743789672852
965,483000,4094,63,38.21937001546224
966,483500,4098,77,37.93521347045898
967,484000,4102,103,38.0202875773112
968,484500,4105,3,38.053218841552734
969,485000,4108,10,37.877747217814125
970,485500,4112,123,38.265220387776694
971,486000,4117,16,37.89974810282389
972,486500,4120,2,37.914086532592776
973,487000,4122,177,37.93015874226888
974,487500,4125,144,37.7823979695638
975,488000,4129,54,37.75888214111328
976,488500,4133,44,38.057150777180986
977,489000,4136,130,37.916239674886064
978,489500,4139,104,37.79881896972656
979,490000,4142,4,37.80344848632812
980,490500,4146,8,37.99798825581868
981,491000,4148,169,37.757337188720705
982,491500,4151,69,37.95854225158691
983,492000,4154,164,37.706607309977215
984,492500,4158,71,37.780867385864255
985,493000,4160,171,37.834098434448244
986,493500,4164,66,37.498988978068034
987,494000,4168,76,37.71053937276204
988,494500,4172,9,38.21431363423665
989,495000,4175,152,37.924416859944664
990,495500,4179,40,37.9586296081543
991,496000,4182,100,37.861894861857095
992,496500,4185,86,37.86470603942871
993,497000,4189,29,37.957791264851885
994,497500,4193,84,37.87370516459147
995,498000,4197,34,37.788364283243816
996,498500,4200,139,37.87630449930827
997,499000,4205,29,37.57256927490234
998,499500,4209,153,37.63386548360189
999,500000,4214,138,37.72199694315592
1000,500500,4217,47,37.71529579162598
1001,501000,4220,71,37.77546844482422
1002,501500,4224,95,37.880517578125
1003,502000,4229,48,37.52184740702311
1004,502500,4234,29,37.90780766805013
1005,503000,4237,85,37.86791598002116
1006,503500,4240,61,37.85602671305339
1007,504000,4242,161,37.787257512410484
1008,504500,4247,18,37.51260566711426
1009,505000,4251,98,37.678077443440756
1010,505500,4254,33,37.71305745442708
1011,506000,4258,95,37.478200658162436
1012,506500,4263,56,37.5840638478597
1013,507000,4267,177,37.75136896769206
1014,507500,4271,67,37.64193954467773
1015,508000,4277,6,37.68916346232096
1016,508500,4280,171,37.74520441691081
1017,509000,4284,30,37.56389795939128
1018,509500,4287,105,37.662671661376955
1019,510000,4290,5,37.87058652242025
1020,510500,4293,101,37.78549474080403
1021,511000,4296,180,37.73744875590007
1022,511500,4302,12,37.57584025065104
1023,512000,4305,104,37.58678881327311
1024,512500,4311,18,37.74523951212565
1025,513000,4315,104,37.59166653951009
1026,513500,4320,67,37.66515324910482
1027,514000,4325,11,37.72689615885417
1028,514500,4329,48,37.75521011352539
1029,515000,4332,170,37.822787602742515
1030,515500,4337,6,37.62645149230957
1031,516000,4340,91,37.537316513061526
1032,516500,4344,29,37.79099604288737
1033,517000,4347,55,37.89476979573568
1034,517500,4350,159,37.67618522644043
1035,518000,4354,28,37.75277671813965
1036,518500,4359,2,37.5792547861735
1037,519000,4361,102,37.55667343139648
1038,519500,4365,22,37.643469365437824
1039,520000,4367,184,37.54226506551107
1040,520500,4372,162,37.63989423116048
1041,521000,4375,62,37.51946182250977
1042,521500,4377,162,37.454231135050456
1043,522000,4382,19,37.468512598673506
1044,522500,4386,53,37.61409721374512
1045,523000,4392,28,37.59220911661784
1046,523500,4396,44,37.72020975748698
1047,524000,4399,92,37.538818359375
1048,524500,4403,117,37.54186566670736
1049,525000,4407,3,37.523859278361
1050,525500,4411,63,37.5289675394694
1051,526000,4415,36,37.497165044148765
1052,526500,4418,20,37.78540903727214
1053,527000,4424,53,37.5245714823405
1054,527500,4428,11,37.477960205078126
1055,528000,4431,192,37.563393656412764
1056,528500,4435,191,37.50906829833984
1057,529000,4439,83,37.38726806640625
1058,529500,4442,24,37.763597869873045
1059,530000,4444,124,37.51018600463867
1060,530500,4448,35,37.69824333190918
1061,531000,4452,28,37.48813133239746
1062,531500,4457,156,37.583417638142905
1063,532000,4461,33,37.475213623046876
1064,532500,4466,86,37.426536051432294
1065,533000,4471,50,37.401585261027016
1066,533500,4474,126,37.498761367797854
1067,534000,4478,184,37.493940099080405
1068,534500,4483,110,37.75592956542969
1069,535000,4487,89,37.62601852416992
1070,535500,4491,168,37.623386510213216
1071,536000,4495,29,37.58077303568522
1072,536500,4498,105,37.4353281656901
1073,537000,4502,129,37.58891321818034
1074,537500,4505,173,37.53875020345052
1075,538000,4508,142,37.4728640238444
1076,538500,4511,199,37.35919431050618
1077,539000,4516,22,37.613576126098636
1078,539500,4518,170,37.339904912312825
1079,540000,4522,83,37.416957219441734
1080,540500,4526,60,37.40016555786133
1081,541000,4528,179,37.549147288004555
1082,541500,4533,157,37.47721112569173
1083,542000,4536,142,37.547416559855144
1084,542500,4541,81,37.37398198445638
1085,543000,4544,154,37.53971138000488
1086,543500,4548,82,37.55006421407064
1087,544000,4551,77,37.217712529500325
1088,544500,4555,132,37.39231745402018
1089,545000,4559,65,37.537557220458986
1090,545500,4563,92,37.05322291056315
1091,546000,4566,63,37.33254051208496
1092,546500,4569,35,37.25317827860514
1093,547000,4572,156,37.466986083984374
1094,547500,4578,18,37.505025990804036
1095,548000,4584,147,37.58634122212728
1096,548500,4589,42,37.70452880859375
1097,549000,4593,83,37.38791325887044
1098,549500,4596,57,37.349330012003584
1099,550000,4599,194,37.63588803609212
1100,550500,4604,154,37.25977745056152
1101,551000,4608,39,37.204250717163085
1102,551500,4611,27,37.31882883707682
1103,552000,4615,105,37.12556393941244
1104,552500,4620,54,37.38795115152995
1105,553000,4623,72,37.32774937947591
1106,553500,4626,39,37.202030690511066
1107,554000,4629,127,37.559670511881514
1108,554500,4635,54,37.25982844034831
1109,555000,4639,91,37.462045923868814
1110,555500,4643,4,37.40697593688965
1111,556000,4645,104,37.42618471781413
1112,556500,4649,80,37.47579816182454
1113,557000,4651,180,37.18569831848144
1114,557500,4655,144,37.21200459798177
1115,558000,4659,121,37.247960027058916
1116,558500,4662,159,37.36183484395345
1117,559000,4666,10,37.46395937601725
1118,559500,4668,110,37.2063912709554
1119,560000,4671,107,37.39687957763672
1120,560500,4676,21,37.24915860493978
1121,561000,4680,144,37.41701151529948
1122,561500,4684,151,37.18525454203288
1123,562000,4687,108,37.216288503011064
1124,562500,4692,82,37.31514943440755
1125,563000,4697,41,37.175056838989256
1126,563500,4700,199,37.47525253295898
1127,564000,4704,104,37.274851353963214
1128,564500,4707,13,37.30492795308431
1129,565000,4710,60,37.17045809427897
1130,565500,4714,50,37.32084554036458
1131,566000,4717,22,37.19536832173665
1132,566500,4722,69,37.331494903564455
1133,567000,4726,13,37.234513727823895
1134,567500,4730,9,37.264508946736655
1135,568000,4735,31,36.96252810160319
1136,568500,4739,179,37.46542841593425
1137,569000,4745,60,37.23985977172852
1138,569500,4750,28,37.215542475382485
1139,570000,4754,18,37.281989161173506
1140,570500,4759,21,37.371578216552734
1141,571000,4761,198,37.168148549397785
1142,571500,4764,177,37.11265920003255
1143,572000,4770,7,37.17744255065918
1144,572500,4772,107,37.253693389892575
1145,573000,4775,85,37.357475407918294
1146,573500,4778,159,37.25993258158366
1147,574000,4781,59,37.197120412190756
1148,574500,4785,36,37.107065455118814
1149,575000,4788,67,37.4441593170166
1150,575500,4792,90,37.082070922851564
1151,576000,4796,44,37.248813247680665
1152,576500,4801,26,37.35816014607747
1153,577000,4805,29,37.41767450968425
1154,577500,4808,94,37.3732354482015
1155,578000,4811,165,37.272913996378584
1156,578500,4815,89,37.19819374084473
1157,579000,4818,102,37.20561701456706
1158,579500,4821,2,37.250877380371094
1159,580000,4825,109,37.544838460286456
1160,580500,4829,92,37.10984764099121
1161,581000,4831,192,37.24775924682617
1162,581500,4835,62,37.14988848368327
1163,582000,4838,16,37.10287539164225
1164,582500,4841,155,37.10481096903483
1165,583000,4845,6,37.4669615427653
1166,583500,4849,37,37.02213745117187
1167,584000,4852,102,37.32456029256185
1168,584500,4857,133,37.19881591796875
1169,585000,4862,23,37.34782180786133
1170,585500,4867,105,37.04434712727865
1171,586000,4872,22,37.15772018432617
1172,586500,4876,98,37.10841077168782
1173,587000,4882,32,37.37162602742513
1174,587500,4885,49,37.203722127278645
1175,588000,4889,48,37.110116958618164
1176,588500,4891,148,37.1610112508138
1177,589000,4896,59,37.055183029174806
1178,589500,4900,88,36.99639841715495
1179,590000,4904,85,37.174153900146486
1180,590500,4908,53,37.16200281778971
1181,591000,4913,19,37.23785120646159
1182,591500,4916,134,36.980481211344404
1183,592000,4920,51,37.07090632120768
1184,592500,4923,166,37.1008544921875
1185,593000,4928,109,37.04138450622558
1186,593500,4932,195,37.21567255655925
1187,594000,4936,5,36.97464027404785
1188,594500,4941,55,37.09405072530111
1189,595000,4946,11,37.08466161092122
1190,595500,4950,18,37.065329996744794
1191,596000,4953,100,37.17319869995117
1192,596500,4958,24,37.1232551574707
1193,597000,4962,119,36.93138961791992
1194,597500,4965,19,37.06106554667155
1195,598000,4969,45,37.29911308288574
1196,598500,4972,91,37.31708971659342
1197,599000,4975,91,37.26995315551758
1198,599500,4979,26,37.18557192484538
1199,600000,4982,176,37.14388910929362
1200,600500,4987,20,37.11542485555013
1201,601000,4990,139,37.14277356465657
1202,601500,4993,183,37.11959457397461
1203,602000,4997,75,37.14342727661133
1204,602500,5001,48,37.07138659159342
1205,603000,5006,7,37.03353767395019
1206,603500,5010,116,37.14675801595052
1207,604000,5013,16,37.00062077840169
1208,604500,5019,64,37.03584810892741
1209,605000,5022,60,37.0068862915039
1210,605500,5025,125,36.95802383422851
1211,606000,5028,186,37.07117436726888
1212,606500,5031,92,37.029575983683266
1213,607000,5036,139,36.80993448893229
1214,607500,5040,41,37.08659439086914
1215,608000,5045,8,37.16965446472168
1216,608500,5050,4,37.2500244140625
1217,609000,5052,104,36.91691093444824
1218,609500,5056,50,36.92616004943848
1219,610000,5059,45,37.04835815429688
1220,610500,5063,37,37.26523081461588
1221,611000,5067,35,37.00085550944011
1222,611500,5070,132,37.03624445597331
1223,612000,5075,38,37.13493347167969
1224,612500,5079,10,36.98022321065267
1225,613000,5082,100,36.880021794637045
1226,613500,5086,85,37.01787185668945
1227,614000,5090,67,36.87816314697265
1228,614500,5094,45,36.879023742675784
1229,615000,5097,5,36.9375612894694
1230,615500,5099,177,36.88310407002767
1231,616000,5102,179,36.80295651753743
1232,616500,5106,66,36.962375259399415
1233,617000,5109,8,37.05946718851725
1234,617500,5112,107,36.81865564982096
1235,618000,5118,19,36.996918233235675
1236,618500,5120,119,36.778129704793294
1237,619000,5126,46,36.834189097086586
1238,619500,5131,62,36.921274439493814
1239,620000,5134,75,36.98030382792155
1240,620500,5137,133,37.198126729329424
1241,621000,5142,44,36.7282662709554
1242,621500,5146,5,36.68173014322917
1243,622000,5148,190,36.96893552144368
1244,622500,5155,23,37.02262840270996
1245,623000,5161,56,37.0351453145345
1246,623500,5163,156,36.822515869140624
1247,624000,5167,189,37.00339024861653
1248,624500,5172,52,37.020903778076175
1249,625000,5176,37,36.85843493143717
1250,625500,5180,1,36.910302352905276
1251,626000,5182,140,36.99693641662598
1252,626500,5186,18,36.91936403910319
1253,627000,5191,58,36.82031669616699
1254,627500,5193,158,36.80419743855794
1255,628000,5198,33,36.892147318522134
1256,628500,5201,43,36.69736099243164
1257,629000,5205,21,36.88613611857097
1258,629500,5208,94,36.9265141805013
1259,630000,5212,70,36.775875854492185
1260,630500,5217,117,36.751962153116864
1261,631000,5220,149,36.872432708740234
1262,631500,5223,67,36.767316563924155
1263,632000,5225,200,36.8205457051595
1264,632500,5229,152,36.63857485453288
1265,633000,5233,41,36.88337338765462
1266,633500,5237,20,36.84781913757324
1267,634000,5242,6,36.82110150655111
1268,634500,5244,106,36.748395411173504
1269,635000,5248,87,36.74604504903157
1270,635500,5252,59,36.959219487508136
1271,636000,5256,118,36.71138496398926
1272,636500,5260,15,36.90449536641439
1273,637000,5263,197,36.765602366129556
1274,637500,5268,152,36.792654546101886
1275,638000,5272,90,36.77319552103678
1276,638500,5274,197,37.024753952026366
1277,639000,5280,24,36.563452911376956
1278,639500,5283,181,36.745272954305015
1279,640000,5286,98,36.85098431905111
1280,640500,5289,128,36.79666074117025
1281,641000,5293,68,36.94922739664714
1282,641500,5296,47,36.926308949788414
1283,642000,5301,145,36.873263676961265
1284,642500,5307,65,36.768049240112305
1285,643000,5312,30,36.996242904663085
1286,643500,5317,21,36.86684900919597
1287,644000,5322,55,36.7011910756429
1288,644500,5326,159,36.778520075480145
1289,645000,5329,83,36.60388679504395
1290,645500,5333,25,36.912631607055665
1291,646000,5336,56,36.89728597005208
1292,646500,5339,104,36.82080370585124
1293,647000,5343,131,36.84762789408366
1294,647500,5351,47,36.727997589111325
1295,648000,5355,110,37.01057790120443
1296,648500,5360,116,36.89584236145019
1297,649000,5364,4,36.947177505493165
1298,649500,5368,131,36.892207845052084
1299,650000,5371,83,36.91037534077962
1300,650500,5374,147,36.63215204874675
1301,651000,5379,122,36.83199221293132
1302,651500,5382,127,36.93108507792155
1303,652000,5386,20,36.78941370646159
1304,652500,5389,113,36.811671574910484
1305,653000,5392,13,36.71802889506022
1306,653500,5394,113,36.816688791910806
1307,654000,5398,24,36.53995984395345
1308,654500,5401,46,36.73223457336426
1309,655000,5406,79,36.84527689615886
1310,655500,5409,156,36.851749420166016
1311,656000,5414,45,36.943943659464516
1312,656500,5420,17,36.701637776692706
1313,657000,5424,122,36.61472981770833
1314,657500,5429,95,36.980014165242515
1315,658000,5433,8,36.9730588277181
1316,658500,5436,77,36.875410334269205
1317,659000,5441,86,37.01964683532715
1318,659500,5444,36,36.91670532226563
1319,660000,5447,104,36.78334732055664
1320,660500,5450,170,36.5984499613444
1321,661000,5453,93,36.72919921875
1322,661500,5457,13,36.790024820963545
1323,662000,5463,114,36.75130081176758
1324,662500,5467,15,36.76639099121094
1325,663000,5470,63,36.757941818237306
1326,663500,5473,23,36.538822682698566
1327,664000,5476,35,36.864841079711915
1328,664500,5478,161,36.51057408650716
1329,665000,5483,116,36.705223337809244
1330,665500,5487,37,36.84825210571289
1331,666000,5490,112,36.67559636433919
1332,666500,5493,124,36.72669970194499
1333,667000,5496,66,36.82523422241211
1334,667500,5498,184,36.75613594055176
1335,668000,5502,24,36.71189727783203
1336,668500,5504,124,36.83899052937826
1337,669000,5508,72,36.56435991923014
1338,669500,5511,17,36.79426358540853
1339,670000,5517,40,36.497218704223634
1340,670500,5521,61,36.60920028686523
1341,671000,5524,168,36.680132166544595
1342,671500,5528,70,36.7062437693278
1343,672000,5532,40,36.757229487101235
1344,672500,5534,193,36.718387095133465
1345,673000,5538,6,36.66377436319987
1346,673500,5541,57,36.545355733235674
1347,674000,5543,166,36.512227121988936
1348,674500,5546,83,36.67865931193034
1349,675000,5548,186,36.656342061360675
1350,675500,5552,8,36.60543568929037
1351,676000,5554,143,36.54933179219564
1352,676500,5559,3,36.395515569051106
1353,677000,5563,109,36.61508483886719
1354,677500,5566,55,36.690562057495114
1355,678000,5570,68,36.59111366271973
1356,678500,5574,48,36.64036407470703
1357,679000,5576,170,36.71243184407552
1358,679500,5580,122,36.49944877624512
1359,680000,5583,183,36.63776194254557
1360,680500,5589,58,36.485913848876955
1361,681000,5592,197,36.63120613098145
1362,681500,5596,97,36.6233570098877
1363,682000,5599,51,36.687981541951494
1364,682500,5602,142,36.717515055338545
1365,683000,5607,145,36.76722234090169
1366,683500,5610,88,36.584495544433594
1367,684000,5616,36,36.40075200398763
1368,684500,5622,2,36.53112055460612
1369,685000,5626,167,36.6034132639567
1370,685500,5630,147,36.7524471282959
1371,686000,5634,30,36.74363670349121
1372,686500,5639,8,36.4743044535319
1373,687000,5641,108,36.68500938415527
1374,687500,5644,63,36.498700332641604
1375,688000,5647,135,36.60389734903971
1376,688500,5650,117,36.54597930908203
1377,689000,5653,140,36.59262758890788
1378,689500,5657,63,36.517692693074544
1379,690000,5661,128,36.401847966512044
1380,690500,5666,12,36.72540562947591
1381,691000,5669,183,36.49668159484863
1382,691500,5673,5,36.672987111409505
1383,692000,5675,168,36.48704884847005
1384,692500,5679,88,36.35946324666341
1385,693000,5682,162,36.55091374715169
1386,693500,5685,82,36.51216506958008
1387,694000,5687,199,36.456230290730794
1388,694500,5692,93,36.241658528645836
1389,695000,5696,18,36.53876558939616
1390,695500,5701,41,36.48245137532552
1391,696000,5706,23,36.39716885884603
1392,696500,5710,152,36.539740626017256
1393,697000,5714,193,36.71418596903483
1394,697500,5719,41,36.475629552205405
1395,698000,5722,92,36.721841684977214
1396,698500,5726,58,36.513335418701175
1397,699000,5730,6,36.48973668416341
1398,699500,5736,31,36.616437657674155
1399,700000,5740,1,36.42659670511882
1400,700500,5744,87,36.47820625305176
1401,701000,5746,187,36.35960400899251
1402,701500,5750,107,36.86402778625488
1403,702000,5753,7,36.58368479410807
1404,702500,5755,107,36.416408665974934
1405,703000,5758,54,36.45674985249837
1406,703500,5761,88,36.4091189066569
1407,704000,5764,24,36.48318786621094
1408,704500,5767,114,36.31506601969401
1409,705000,5770,14,36.43038762410482
1410,705500,5773,95,36.51718203226725
1411,706000,5778,66,36.42600084940592
1412,706500,5781,184,36.534518814086915
1413,707000,5784,160,36.58312721252442
1414,707500,5788,113,36.35914052327474
1415,708000,5792,77,36.439173634847
1416,708500,5795,38,36.395932006835935
1417,709000,5797,138,36.36520614624023
1418,709500,5801,101,36.338957977294925
1419,710000,5804,164,36.29607709248861
1420,710500,5807,64,36.30775973002116
1421,711000,5810,8,36.214773178100586
1422,711500,5812,192,36.35453809102376
1423,712000,5817,31,36.453456242879234
1424,712500,5819,131,36.18804410298665
1425,713000,5824,149,36.423950322469075
1426,713500,5829,38,36.42061004638672
1427,714000,5833,17,36.45346285502116
1428,714500,5837,133,36.51023813883464
1429,715000,5842,21,36.25052477518717
1430,715500,5846,90,36.39713986714681
1431,716000,5850,32,36.2689203898112
1432,716500,5852,180,36.16722768147786
1433,717000,5855,80,36.41855049133301
1434,717500,5857,180,36.3884272257487
1435,718000,5861,30,36.53777542114258
1436,718500,5865,114,36.224910227457684
1437,719000,5868,167,36.22740198771159
1438,719500,5872,122,36.351100031534834
1439,720000,5875,108,36.227944946289064
1440,720500,5879,63,36.2218313852946
1441,721000,5882,186,36.528425979614255
1442,721500,5886,150,36.476067225138344
1443,722000,5891,58,36.43222745259603
1444,722500,5895,137,36.370642217000324
1445,723000,5898,37,36.40013389587402
1446,723500,5900,177,35.93244374593099
1447,724000,5904,44,36.397528966267906
1448,724500,5907,71,36.131950251261394
1449,725000,5911,26,36.43009147644043
1450,725500,5915,22,36.311309305826825
1451,726000,5918,69,36.324782053629555
1452,726500,5922,12,36.31486053466797
1453,727000,5927,65,35.92561225891113
1454,727500,5932,120,36.32324422200521
1455,728000,5935,20,36.18937975565593
1456,728500,5942,152,36.22247263590495
1457,729000,5947,112,36.42226066589355
1458,729500,5951,71,36.330349349975585
1459,730000,5954,57,36.18093541463216
1460,730500,5958,82,36.468587493896486
1461,731000,5962,3,36.23939793904622
1462,731500,5966,37,36.55037854512533
1463,732000,5970,40,36.351588567097984
1464,732500,5974,67,36.493787384033205
1465,733000,5978,5,36.397674051920575
1466,733500,5981,27,36.21705385843913
1467,734000,5984,96,36.26680081685384
1468,734500,5988,29,36.27280209859212
1469,735000,5992,95,36.29791399637858
1470,735500,5995,63,36.346990966796874
1471,736000,6000,32,36.1359858194987
1472,736500,6003,99,35.97039909362793
1473,737000,6007,58,36.36124738057455
1474,737500,6011,125,36.19963506062825
1475,738000,6015,139,36.38167839050293
1476,738500,6019,105,36.21440124511719
1477,739000,6027,50,36.242116928100586
1478,739500,6030,82,36.05665550231934
1479,740000,6036,35,36.273389943440755
1480,740500,6042,4,36.286520894368486
1481,741000,6048,118,36.40678227742513
1482,741500,6054,19,36.240573755900066
1483,742000,6057,4,36.32345301310222
1484,742500,6062,100,36.32597198486328
1485,743000,6066,47,36.27449137369792
1486,743500,6072,70,36.41749674479167
1487,744000,6076,12,36.05488586425781
1488,744500,6080,18,36.472874069213866
1489,745000,6084,126,36.29939359029134
1490,745500,6089,169,36.261181640625
1491,746000,6096,101,36.3916072845459
1492,746500,6101,2,36.29521217346191
1493,747000,6107,149,36.38622550964355
1494,747500,6111,111,36.434817759195965
1495,748000,6115,1,36.089490000406904
1496,748500,6119,1,36.387760416666666
1497,749000,6121,101,36.40519371032715
1498,749500,6126,109,36.31649322509766
1499,750000,6130,6,36.33714370727539
1500,750500,6134,32,36.372687021891274
1501,751000,6137,76,36.42908821105957
1502,751500,6141,56,36.58924903869629
1503,752000,6145,159,36.3452517191569
1504,752500,6151,10,36.29922281901042
1505,753000,6154,153,36.42880350748698
1506,753500,6158,38,36.39725290934245
1507,754000,6162,129,36.168579483032225
1508,754500,6166,84,36.27294553120931
1509,755000,6171,111,36.13336601257324
1510,755500,6175,79,36.24690348307292
1511,756000,6180,23,36.363036219278975
1512,756500,6184,42,36.19497947692871
1513,757000,6189,57,36.27292989095052
1514,757500,6194,148,36.55063705444336
1515,758000,6198,59,36.17078971862793
1516,758500,6202,143,36.1763308207194
1517,759000,6206,106,36.112138748168945
1518,759500,6210,11,36.358253224690756
1519,760000,6214,120,36.3569450378418
1520,760500,6217,34,36.219398498535156
1521,761000,6221,167,36.10095087687174
1522,761500,6226,1,36.57728233337402
1523,762000,6230,194,36.416124725341795
1524,762500,6233,121,36.17420171101888
1525,763000,6237,94,36.38737182617187
1526,763500,6241,52,36.25248718261719
1527,764000,6244,146,36.48570264180501
1528,764500,6250,91,36.324329884847
1529,765000,6255,53,36.378868611653644
1530,765500,6259,84,36.36390317281087
1531,766000,6264,101,36.11556078592936
1532,766500,6269,40,36.434194564819336
1533,767000,6274,66,36.390543111165364
1534,767500,6278,120,36.212576421101886
1535,768000,6282,187,36.499737930297854
1536,768500,6287,7,36.43310381571452
1537,769000,6290,50,36.239569600423174
1538,769500,6296,8,36.54313329060872
1539,770000,6300,71,36.46732546488444
1540,770500,6305,38,36.29644152323405
1541,771000,6309,128,36.380032475789385
1542,771500,6316,53,36.369645563761395
1543,772000,6318,193,36.26910641988118
1544,772500,6321,93,36.3806090037028
1545,773000,6327,54,36.49748293558756
1546,773500,6330,185,36.1043955485026
1547,774000,6334,55,36.4463862101237
1548,774500,6339,6,36.442403157552086
1549,775000,6343,102,36.27959314982096
1550,775500,6348,35,36.39626070658366
1551,776000,6352,50,36.24779828389486
1552,776500,6356,178,36.235260772705075
1553,777000,6361,68,36.4978951772054
1554,777500,6366,127,36.2180482228597
1555,778000,6370,66,36.464145533243816
1556,778500,6374,74,36.46819788614909
1557,779000,6378,42,36.36660270690918
1558,779500,6381,19,36.629294077555336
1559,780000,6384,39,36.48374608357747
1560,780500,6389,91,36.5647471110026
1561,781000,6392,65,36.54838574727376
1562,781500,6395,36,36.313999048868816
1563,782000,6398,150,36.38395805358887
1564,782500,6404,18,36.49296239217122
1565,783000,6410,24,36.52968953450521
1566,783500,6413,29,36.178049596150714
1567,784000,6416,153,36.279181798299156
1568,784500,6420,9,36.29695727030436
1569,785000,6423,151,36.456814448038735
1570,785500,6426,123,36.552612177530925
1571,786000,6431,38,36.24597981770833
1572,786500,6434,111,36.08027737935384
1573,787000,6441,89,36.729342524210615
1574,787500,6445,99,36.37535235087077
1575,788000,6450,58,36.289127858479816
1576,788500,6453,59,36.1779115041097
1577,789000,6458,1,36.28385925292969
1578,789500,6463,17,36.17317110697429
1579,790000,6466,57,36.2323792775472
1580,790500,6471,61,36.283268737792966
1581,791000,6475,84,36.30869534810384
1582,791500,6479,83,36.4860902150472
1583,792000,6485,88,36.49447898864746
1584,792500,6489,121,36.33529396057129
1585,793000,6494,160,36.51587041219076
1586,793500,6500,12,36.32302309672038
1587,794000,6505,65,36.43958104451497
1588,794500,6510,32,36.534148406982425
1589,795000,6515,6,36.37943382263184
1590,795500,6518,103,36.33879178365071
1591,796000,6523,60,36.53631477355957
1592,796500,6527,34,36.38430455525716
1593,797000,6530,120,36.21954574584961
1594,797500,6534,82,36.2905886332194
1595,798000,6540,18,36.474728139241535
1596,798500,6546,12,36.24028358459473
1597,799000,6550,131,36.1672789255778
1598,799500,6555,124,36.40311762491862
1599,800000,6559,193,36.24091466267904
1600,800500,6565,122,36.33119621276855
1601,801000,6569,7,36.14737103780111
1602,801500,6572,96,36.34636192321777
1603,802000,6577,16,36.47771708170573
1604,802500,6580,14,36.26229019165039
1605,803000,6587,110,36.41319211324056
1606,803500,6591,15,36.39643249511719
1607,804000,6594,91,36.38386141459147
1608,804500,6599,22,36.32200444539388
1609,805000,6603,49,36.38108304341634
1610,805500,6610,29,36.34263407389323
1611,806000,6615,33,36.41530876159668
1612,806500,6620,50,36.293819681803384
1613,807000,6626,88,36.280382792154946
1614,807500,6629,124,36.486458969116214
1615,808000,6632,29,36.47488072713216
1616,808500,6638,37,36.63586349487305
1617,809000,6642,82,36.448407872517905
1618,809500,6650,13,36.568905131022134
1619,810000,6654,64,36.64111353556315
1620,810500,6657,52,36.48006973266602
1621,811000,6661,1,36.49844487508138
1622,811500,6664,67,36.65063184102376
1623,812000,6670,3,36.44827842712402
1624,812500,6673,5,36.43956921895345
1625,813000,6678,103,36.59824727376302
1626,813500,6685,8,36.505608495076494
1627,814000,6689,25,36.27078005472819
1628,814500,6697,25,36.1827081044515
1629,815000,6701,177,36.444576009114584
1630,815500,6705,55,36.574445215861004
1631,816000,6708,172,36.347874069213866
1632,816500,6714,39,36.42227554321289
1633,817000,6720,181,36.3679749806722
1634,817500,6724,108,36.265519332885745
1635,818000,6727,79,36.483537928263345
1636,818500,6732,87,36.58664105733236
1637,819000,6740,42,36.511538696289065
1638,819500,6743,75,36.455060195922854
1639,820000,6749,31,36.34269256591797
1640,820500,6755,74,36.52317860921224
1641,821000,6759,80,36.49609260559082
1642,821500,6765,2,36.55883916219076
1643,822000,6769,100,36.63218676249186
1644,822500,6773,130,36.46761957804362
1645,823000,6780,4,36.46111590067546
1646,823500,6783,6,36.597639338175455
1647,824000,6787,36,36.55694770812988
1648,824500,6792,52,36.57379341125488
1649,825000,6799,45,36.46566645304362
1650,825500,6802,176,36.67998008728027
1651,826000,6807,77,36.3673817952474
1652,826500,6813,20,36.5821720123291
1653,827000,6818,75,36.48905639648437
1654,827500,6823,15,36.46611455281575
1655,828000,6827,111,36.32544682820638
1656,828500,6833,33,36.76128107706706
1657,829000,6836,47,36.591723124186196
1658,829500,6838,174,36.55063438415527
1659,830000,6842,49,36.43061714172363
1660,830500,6846,79,36.22517407735189
1661,831000,6853,116,36.7064266204834
1662,831500,6858,94,36.659724934895834
1663,832000,6861,143,36.66448860168457
1664,832500,6867,79,36.611702346801756
1665,833000,6870,57,36.531898244222006
1666,833500,6875,175,36.64375712076823
1667,834000,6878,116,36.398298772176105
1668,834500,6884,39,36.57524490356445
1669,835000,6889,38,36.66342684427897
1670,835500,6894,97,36.63309555053711
1671,836000,6900,30,36.39504852294922
1672,836500,6903,170,36.79362831115723
1673,837000,6907,2,36.58177884419759
1674,837500,6911,128,36.67916259765625
1675,838000,6914,165,36.87317148844401
1676,838500,6919,71,36.49014116923014
1677,839000,6925,50,36.30208155314128
1678,839500,6929,10,36.880975341796876
1679,840000,6936,21,36.628278223673504
1680,840500,6942,108,36.72170422871908
1681,841000,6949,19,36.743917846679686
1682,841500,6954,62,36.74454282124837
1683,842000,6957,131,36.56252174377441
1684,842500,6961,149,36.52188784281413
1685,843000,6965,84,36.68245849609375
1686,843500,6969,40,36.59948247273763
1687,844000,6973,131,36.373616790771486
1688,844500,6979,58,36.774482091267906
1689,845000,6982,120,36.73971964518229
1690,845500,6986,88,36.55242818196614
1691,846000,6990,39,36.684065373738605
1692,846500,6995,106,36.54358774820964
1693,847000,7000,19,36.79343872070312
1694,847500,7003,129,36.72756360371908
1695,848000,7007,14,36.730346298217775
1696,848500,7016,12,36.77137858072917
1697,849000,7019,107,36.481998189290366
1698,849500,7025,25,36.542794418334964
1699,850000,7029,111,36.539826202392575
1700,850500,7032,83,36.48282890319824
1701,851000,7035,196,36.787908935546874
1702,851500,7040,29,36.64767290751139
1703,852000,7045,63,36.590048217773436
1704,852500,7049,128,36.75688082377116
1705,853000,7055,85,36.82168464660644
1706,853500,7059,32,36.64702453613281
1707,854000,7067,38,36.67024065653483
1708,854500,7072,5,36.63670438130696
1709,855000,7075,113,36.54741350809733
1710,855500,7080,137,36.65458895365397
1711,856000,7084,185,36.90786577860514
1712,856500,7090,90,36.58729909261068
1713,857000,7095,74,36.82920138041178
1714,857500,7100,21,36.70715204874674
1715,858000,7104,71,36.79811096191406
1716,858500,7108,84,36.61143163045247
1717,859000,7114,5,36.62028452555339
1718,859500,7119,56,36.93249715169271
1719,860000,7127,51,36.833125305175784
1720,860500,7132,161,36.644783401489256
1721,861000,7136,137,36.8593505859375
1722,861500,7142,46,36.617160415649415
1723,862000,7146,56,36.676778666178386
1724,862500,7152,13,36.62063636779785
1725,863000,7156,50,36.616072463989255
1726,863500,7160,123,36.69935913085938
1727,864000,7165,5,36.76915054321289
1728,864500,7168,58,36.77340609232585
1729,865000,7172,135,36.71123682657878
1730,865500,7177,32,36.7719051361084
1731,866000,7181,57,36.95966631571452
1732,866500,7185,125,36.731981658935545
1733,867000,7189,86,36.70901603698731
1734,867500,7193,157,36.606576156616214
1735,868000,7199,4,36.79628817240397
1736,868500,7203,153,36.7815980275472
1737,869000,7207,75,36.786887868245444
1738,869500,7214,33,36.7551389058431
1739,870000,7218,10,36.890398279825845
1740,870500,7223,30,36.93080965677897
1741,871000,7226,109,36.734249623616535
1742,871500,7230,7,36.9047300974528
1743,872000,7233,127,36.611632919311525
1744,872500,7238,85,36.66945775349935
1745,873000,7242,30,36.67949752807617
1746,873500,7247,33,36.73047434488932
1747,874000,7252,44,36.67659962972005
1748,874500,7257,53,36.80794016520182
1749,875000,7260,117,36.54586245218913
1750,875500,7264,39,36.620060729980466
1751,876000,7269,89,36.8481803894043
1752,876500,7274,143,36.8380729675293
1753,877000,7280,30,36.824562581380206
1754,877500,7285,53,36.7163335164388
1755,878000,7292,24,37.00706901550293
1756,878500,7296,19,36.77850290934245
1757,879000,7301,91,36.805023701985675
1758,879500,7305,91,36.839533106486
1759,880000,7312,82,36.78211898803711
1760,880500,7316,19,36.59067522684733
1761,881000,7319,115,36.722924041748044
1762,881500,7326,138,37.03123499552409
1763,882000,7335,4,36.770700709025064
1764,882500,7339,163,36.93539632161458
1765,883000,7344,28,36.87725550333659
1766,883500,7349,30,36.76761868794759
1767,884000,7358,69,36.91793556213379
1768,884500,7361,163,36.81676979064942
1769,885000,7367,66,36.83953730265299
1770,885500,7371,46,37.048230743408205
1771,886000,7376,53,36.90711161295573
1772,886500,7380,79,36.97977040608724
1773,887000,7385,81,36.90216178894043
1774,887500,7391,86,36.95786043802897
1775,888000,7396,29,36.60385615030925
1776,888500,7398,131,36.80383275349935
1777,889000,7401,151,36.69938036600749
1778,889500,7406,151,36.711035283406574
1779,890000,7410,101,36.974070358276364
1780,890500,7415,26,36.78350435892741
1781,891000,7419,71,36.79774436950684
1782,891500,7422,156,37.088704172770186
1783,892000,7426,102,36.80508155822754
1784,892500,7431,7,36.914727147420244
1785,893000,7434,35,36.72109680175781
1786,893500,7438,2,36.66949628194173
1787,894000,7441,109,36.65086771647135
1788,894500,7447,49,36.99244778951009
1789,895000,7451,43,37.01547050476074
1790,895500,7457,67,36.57531585693359
1791,896000,7462,53,37.01020545959473
1792,896500,7466,37,36.89380098978678
1793,897000,7471,66,36.8007511138916
1794,897500,7475,27,36.774574788411456
1795,898000,7478,13,36.913107045491536
1796,898500,7484,38,36.89707018534342
1797,899000,7489,3,36.90640920003255
1798,899500,7494,55,36.933898798624675
1799,900000,7498,123,36.794904963175455
1800,900500,7504,28,36.92804743448893
1801,901000,7509,60,36.879041798909505
1802,901500,7514,23,36.932745997111006
1803,902000,7520,124,36.800363286336264
1804,902500,7527,49,37.10215581258138
1805,903000,7533,78,36.942251714070636
1806,903500,7537,99,36.76924959818522
1807,904000,7542,137,37.03793144226074
1808,904500,7547,37,36.959276072184245
1809,905000,7552,132,37.04218037923177
1810,905500,7556,38,37.03212979634603
1811,906000,7562,58,36.913853581746416
1812,906500,7570,2,37.03867645263672
1813,907000,7576,53,36.99540189107259
1814,907500,7580,29,37.028201548258465
1815,908000,7585,40,36.73035710652669
1816,908500,7592,71,36.962422434488936
1817,909000,7595,78,36.82912991841634
1818,909500,7603,35,37.13263142903646
1819,910000,7607,66,37.0162961324056
1820,910500,7614,12,37.118417231241864
1821,911000,7617,112,36.92344779968262
1822,911500,7622,122,36.98071683247884
1823,912000,7626,80,36.97851003011068
1824,912500,7632,46,36.818886311848956
1825,913000,7636,24,36.99846318562825
1826,913500,7641,91,37.03225301106771
1827,914000,7645,5,37.099823760986325
1828,914500,7648,153,36.95426953633626
1829,915000,7654,59,37.03031349182129
1830,915500,7657,172,37.12623062133789
1831,916000,7663,164,36.95818913777669
1832,916500,7668,76,37.21972122192383
1833,917000,7672,43,36.77552820841471
1834,917500,7677,71,36.93569730122884
1835,918000,7681,47,37.057356643676755
1836,918500,7684,151,37.01115608215332
1837,919000,7690,93,37.14502105712891
1838,919500,7694,66,36.97149340311686
1839,920000,7702,17,37.06627871195475
1840,920500,7705,120,36.976749165852866
1841,921000,7709,170,37.07125333150228
1842,921500,7712,101,36.9885612487793
1843,922000,7716,34,37.25598271687826
1844,922500,7720,23,37.02081158955892
1845,923000,7727,49,37.01492551167806
1846,923500,7731,24,37.02145029703776
1847,924000,7735,153,37.09623629252116
1848,924500,7741,39,37.12775522867839
1849,925000,7745,46,36.905233001708986
1850,925500,7750,44,37.16829274495443
1851,926000,7756,103,36.8788693745931
1852,926500,7762,61,36.77416229248047
1853,927000,7767,118,36.97835222880045
1854,927500,7771,70,36.97793706258138
1855,928000,7776,29,37.098476791381835
1856,928500,7780,15,36.98599993387858
1857,929000,7785,94,36.798087692260744
1858,929500,7789,66,37.06341896057129
1859,930000,7795,11,37.01196568806966
1860,930500,7800,68,37.21243832906087
1861,931000,7804,17,36.889688110351564
1862,931500,7806,117,37.10489845275879
1863,932000,7813,31,37.003136444091794
1864,932500,7821,119,37.057807540893556
1865,933000,7824,191,37.04994303385417
1866,933500,7829,132,37.01173044840495
1867,934000,7837,9,37.014852905273436
1868,934500,7841,155,36.97354380289713
1869,935000,7847,39,37.200565338134766
1870,935500,7853,28,37.08427149454753
1871,936000,7858,62,37.14572525024414
1872,936500,7862,20,37.020839564005534
1873,937000,7867,21,37.097453053792314
1874,937500,7872,81,37.10634600321452
1875,938000,7879,14,37.15574366251628
1876,938500,7883,38,37.29524561564128
1877,939000,7886,163,37.127928797403975
1878,939500,7890,131,37.08481979370117
1879,940000,7894,33,37.046923573811846
1880,940500,7901,20,37.2495974222819
1881,941000,7907,86,37.05578829447428
1882,941500,7911,75,37.07575976053874
1883,942000,7919,2,37.040792846679686
1884,942500,7922,55,37.134758885701494
1885,943000,7928,45,37.190709050496416
1886,943500,7931,90,37.05265947977702
1887,944000,7935,90,37.12764231363932
1888,944500,7942,70,37.25771764119466
1889,945000,7946,91,37.2842524210612
1890,945500,7950,16,37.17320887247721
1891,946000,7957,28,37.25344670613607
1892,946500,7961,79,37.32534891764323
1893,947000,7967,69,37.311621856689456
1894,947500,7970,50,37.13932647705078
1895,948000,7973,182,37.34836489359538
1896,948500,7979,49,37.077171325683594
1897,949000,7983,20,37.22284228006999
1898,949500,7988,107,37.15855623881022
1899,950000,7993,12,37.12573432922363
1900,950500,7997,34,37.02812589009603
1901,951000,8003,2,37.17176818847656
1902,951500,8011,19,37.281511306762695
1903,952000,8015,74,37.02271639506022
1904,952500,8019,138,37.151623789469404
1905,953000,8024,134,37.31149622599284
1906,953500,8029,15,37.19423065185547
1907,954000,8034,6,37.167198689778644
1908,954500,8037,127,37.33721580505371
1909,955000,8041,30,36.990487289428714
1910,955500,8044,25,37.361524454752605
1911,956000,8048,132,37.07566897074381
1912,956500,8055,29,37.434051513671875
1913,957000,8058,75,37.18744481404622
1914,957500,8062,189,36.98382682800293
1915,958000,8066,154,37.22215690612793
1916,958500,8070,24,37.13763262430827
1917,959000,8074,96,37.140177154541014
1918,959500,8079,38,37.202330652872725
1919,960000,8083,3,37.23993148803711
1920,960500,8091,102,37.07141354878743
1921,961000,8095,75,37.236684290568036
1922,961500,8099,33,36.94742062886556
1923,962000,8104,67,37.070887883504234
1924,962500,8106,167,37.220849609375
1925,963000,8112,16,37.27272059122721
1926,963500,8115,102,37.1591251373291
1927,964000,8121,115,37.12904192606608
1928,964500,8126,127,37.32959327697754
1929,965000,8131,26,37.29961840311686
1930,965500,8135,15,37.29126180013021
1931,966000,8139,20,37.18787727355957
1932,966500,8145,24,37.2505428314209
1933,967000,8150,41,37.284934488932294
1934,967500,8155,4,37.23886299133301
1935,968000,8161,32,37.327022552490234
1936,968500,8166,33,37.05297406514486
1937,969000,8170,72,37.163415145874026
1938,969500,8175,57,37.25806999206543
1939,970000,8179,125,37.37615687052409
1940,970500,8183,116,37.008836110432945
1941,971000,8189,3,37.28058433532715
1942,971500,8194,87,37.18785362243652
1943,972000,8200,70,37.38697891235351
1944,972500,8207,78,37.27202224731445
1945,973000,8212,8,37.34699681599935
1946,973500,8216,26,37.303688049316406
1947,974000,8221,55,37.406602223714195
1948,974500,8225,112,37.46348419189453
1949,975000,8232,25,37.103576532999675
1950,975500,8236,7,37.41618932088216
1951,976000,8242,2,37.30830408732096
1952,976500,8248,44,37.13569348653157
1953,977000,8252,45,37.31871325174968
1954,977500,8256,81,37.09120457967122
1955,978000,8260,56,37.24825744628906
1956,978500,8264,42,37.1989559173584
1957,979000,8270,69,37.36360893249512
1958,979500,8274,94,37.35525665283203
1959,980000,8279,38,37.17049763997396
1960,980500,8284,37,37.62809995015462
1961,981000,8288,46,37.28818232218425
1962,981500,8296,19,37.194654083251955
1963,982000,8301,27,37.22212206522624
1964,982500,8305,118,37.073951466878256
1965,983000,8309,16,37.2625425974528
1966,983500,8312,50,37.268752034505205
1967,984000,8318,64,37.41363080342611
1968,984500,8323,4,37.50417505900065
1969,985000,8330,51,37.400119400024415
1970,985500,8334,10,37.50802510579427
1971,986000,8341,14,37.392635854085285
1972,986500,8347,43,37.37033284505208
1973,987000,8351,48,37.55546900431315
1974,987500,8354,40,37.481354268391925
1975,988000,8358,36,37.54761848449707
1976,988500,8365,7,37.24275016784668
1977,989000,8368,90,37.441562016805015
1978,989500,8373,149,37.50951805114746
1979,990000,8377,194,37.311147944132486
1980,990500,8381,110,37.46878725687663
1981,991000,8385,41,37.40806210835775
1982,991500,8388,170,37.26949971516927
1983,992000,8394,61,37.445662053426105
1984,992500,8400,54,37.57347819010417
1985,993000,8407,33,37.120303853352866
1986,993500,8412,102,37.321350733439125
1987,994000,8416,30,37.336948521931966
1988,994500,8421,39,37.2985538482666
1989,995000,8425,73,37.47850519816081
1990,995500,8429,52,37.4942387898763
1991,996000,8434,104,37.438731002807614
1992,996500,8442,45,37.40650850931804
1993,997000,8446,85,37.46097920735677
1994,997500,8451,28,37.32145805358887
1995,998000,8454,164,37.636735661824545
1996,998500,8457,113,37.3017687479655
1997,999000,8462,18,37.24588572184245
1998,999500,8466,44,37.292654037475586
1999,1000000,8472,108,37.31313756306966
